<?xml version="1.0" encoding="UTF-8"?>
<!DOCTYPE mapper PUBLIC "-//mybatis.org//DTD Mapper 3.0//EN" "http://mybatis.org/dtd/mybatis-3-mapper.dtd">
<mapper namespace="com.barunsw.simple.sample.SampleDao">	

	<select id="selectSampleList" parameterType="com.barunsw.simple.sample.SampleVo" resultType="com.barunsw.simple.sample.SampleVo">
		SELECT 
			USER_ID, NAME, BIRTH, GENDER, CREATE_DATE
		FROM
			TB_USER
	</select>
	
	<select id="selectSampleOne" parameterType="com.barunsw.simple.sample.SampleVo" resultType="com.barunsw.simple.sample.SampleVo">
	
	</select>
	
	<insert id="insertSample">
	
	</insert>
	
	<update id="updateSample">
	
	</update>
	
	<delete id="deleteSample">
	
	</delete>
	
</mapper>