<?xml version="1.0" encoding="UTF-8"?>
<Configuration>
    <Appenders>
        <Console name="console" target="SYSTEM_OUT">
            <PatternLayout pattern="[%-5level] %d{yyyy-MM-dd HH:mm:ss.SSS} [%t] (%c:%L) - %m%n" />
        </Console>

        <!-- File Appender -->
        <!-- <File name="file" fileName="/logs/jms.log">
          <PatternLayout pattern="[%-5level] %d{yyyy-MM-dd HH:mm:ss.SSS} [%t] (%c:%L) - %m%n" />
        </File> -->

		<!-- Rolling File Appender -->
		<!-- <RollingFile name="file">
			<FileName>/home/jms/NOKIA-JMS/jms-web-tomcat/logs/jms-web.log</FileName>
			<FilePattern>/home/jms/NOKIA-JMS/jms-web-tomcat/logs/jms-web.log.%d{yyyy-MM-dd}</FilePattern>
			<PatternLayout>
				<Pattern>[%-5level] %d{yyyy-MM-dd HH:mm:ss.SSS} [%t] (%c:%L) - %m%n</Pattern>
			</PatternLayout>
			<Policies>
			    <TimeBasedTriggeringPolicy interval="1" modulate="true" />
			</Policies>
		</RollingFile> -->
    </Appenders>
    <Loggers>
        <Root level="debug" additivity="false">
            <AppenderRef ref="console" />
            <!-- <AppenderRef ref="file" /> -->
        </Root>
        
        <logger name="jdbc.connection" level="error" additivity="false">
            <appender-ref ref="console" />
            <!-- <AppenderRef ref="file" /> -->
        </logger>

        <logger name="jdbc.resultsettable" level="info" additivity="false">
            <appender-ref ref="console" />
            <!-- <AppenderRef ref="file" /> -->
        </logger>

        <logger name="jdbc.audit" level="error" additivity="false">
            <appender-ref ref="console" />
            <!-- <AppenderRef ref="file" /> -->
        </logger>

        <logger name="jdbc.resultset" level="error" additivity="false">
            <appender-ref ref="console" />
            <!-- <AppenderRef ref="file" /> -->
        </logger>

        <logger name="jdbc.sqltiming" level="info" additivity="false">
            <appender-ref ref="console" />
            <!-- <AppenderRef ref="file" /> -->
        </logger>
    </Loggers>
</Configuration>